date,users
2026-03-09,429
2026-03-10,419
2026-03-11,494
2026-03-12,474
2026-03-13,375
2026-03-14,157
2026-03-15,310
2026-03-16,338
2026-03-17,345
2026-03-18,341
2026-03-19,333
2026-03-20,194
2026-03-21,80
2026-03-22,152
2026-03-23,287
2026-03-24,206
2026-03-25,227
2026-03-26,135
2026-03-27,106
2026-03-28,128
2026-03-29,134
2026-03-30,126
2026-03-31,86
2026-04-01,132
2026-04-02,193
2026-04-03,157
2026-04-04,108
2026-04-05,216
2026-04-06,318
2026-04-07,407
2026-04-08,365
2026-04-09,339
2026-04-10,328
2026-04-11,146
2026-04-12,238
2026-04-13,351
2026-04-14,385
2026-04-15,355
2026-04-16,413
2026-04-17,215
2026-04-18,121
2026-04-19,220
2026-04-20,261
2026-04-21,323
2026-04-22,279
2026-04-23,229
2026-04-24,211
2026-04-25,194
2026-04-26,319
2026-04-27,401
2026-04-28,440
2026-04-29,392
2026-04-30,428
2026-05-01,351
2026-05-02,169
2026-05-03,211
2026-05-04,267
2026-05-05,327
2026-05-06,322
2026-05-07,256
2026-05-08,303
2026-05-09,185
2026-05-10,191
2026-05-11,244
2026-05-12,258
2026-05-13,165
2026-05-14,150
2026-05-15,151
2026-05-16,100
2026-05-17,117
2026-05-18,147
2026-05-19,199
2026-05-20,132
2026-05-21,77
2026-05-22,43
2026-05-23,23
2026-05-24,21
2026-05-25,23
2026-05-26,36
2026-05-27,30
2026-05-28,39
2026-05-29,30
2026-05-30,24
2026-05-31,26
2026-06-01,33
2026-06-02,38
2026-06-03,30
2026-06-04,34
2026-06-05,22
2026-06-06,24
2026-06-07,22
2026-06-08,32
2026-06-09,39
2026-06-10,41
2026-06-11,35
2026-06-12,74
2026-06-13,18
2026-06-14,21
2026-06-15,56
2026-06-16,72
2026-06-17,76
2026-06-18,70
2026-06-19,67
2026-06-20,48
2026-06-21,72
2026-06-22,109
2026-06-23,88
2026-06-24,89
2026-06-25,76
2026-06-26,70
2026-06-27,61
2026-06-28,69
2026-06-29,56
2026-06-30,68
2026-07-01,70
2026-07-02,70
2026-07-03,56
2026-07-04,52
2026-07-05,66
2026-07-06,58
2026-07-07,47
2026-07-08,81
2026-07-09,40
2026-07-10,41
2026-07-11,24
2026-07-12,42
2026-07-13,30
2026-07-14,31
2026-07-15,53
2026-07-16,34
2026-07-17,37
2026-07-18,31
2026-07-19,42
2026-07-20,67
2026-07-21,65
2026-07-22,44
2026-07-23,49
2026-07-24,28
2026-07-25,9
2026-07-26,4
2026-07-27,11
2026-07-28,7
2026-07-29,12
2026-07-30,12
2026-07-31,5
2026-08-01,2
2026-08-02,3
2026-08-03,8
2026-08-04,9
2026-08-05,3
2026-08-06,6
2026-08-07,5
2026-08-08,2
2026-08-09,2
2026-08-10,5
2026-08-11,6
2026-08-12,7
2026-08-13,7
2026-08-14,12
2026-08-15,7
2026-08-16,9
2026-08-17,8
2026-08-18,23
2026-08-19,88
2026-08-20,98
2026-08-21,50
2026-08-22,45
2026-08-23,67
2026-08-24,372
2026-08-25,541
2026-08-26,461
2026-08-27,488
2026-08-28,334
2026-08-29,177
2026-08-30,251
2026-08-31,645
2026-09-01,671
2026-09-02,691
2026-09-03,607
2026-09-04,340
2026-09-05,160
2026-09-06,182
2026-09-07,222
2026-09-08,470
2026-09-09,718
2026-09-10,632
2026-09-11,441
2026-09-12,206
2026-09-13,283
2026-09-14,586
2026-09-15,608
2026-09-16,693
2026-09-17,585
2026-09-18,402
2026-09-19,244
2026-09-20,286
2026-09-21,625
2026-09-22,514
2026-09-23,594
2026-09-24,587
2026-09-25,426
2026-09-26,240
2026-09-27,305
2026-09-28,648
2026-09-29,466
2026-09-30,578
2026-10-01,425
2026-10-02,407
2026-10-03,233
2026-10-04,310
2026-10-05,656
2026-10-06,521
2026-10-07,643
2026-10-08,523
2026-10-09,393
