college,all-users,all-users-ever-active,summer_2022,fall_2022,spring_2023,summer_2023,fall_2023,spring_2024,summer_2024,fall_2024,spring_2025,summer_2025,fall_2025,spring_2026,summer_2026,fall_2026,spring_2027
Monterey Peninsula College,1,1,0,0,0,0,0,0,0,0,0,0,0,0,0,1,0
Cal Poly Pomona,1,1,0,0,0,0,0,0,0,0,0,0,0,0,1,0,0
CSU Dominguez Hills,4,4,0,0,0,0,0,0,0,0,0,0,0,0,2,2,0
CSU Fresno,0,0,0,0,0,0,0,0,0,0,0,0,0,0,0,0,0
CSU Fullerton,175,175,0,0,0,0,0,0,0,0,0,66,96,4,1,8,0
CSU Bakersfield,181,181,0,0,0,0,0,0,0,0,0,0,27,29,0,125,0
CSU Long Beach,120,119,0,0,0,0,0,0,0,0,9,3,30,34,0,43,0
CSU Chico,229,229,0,0,0,0,0,0,0,0,0,0,1,57,2,169,0
CSU Northridge,70,70,0,0,0,0,0,0,0,0,0,0,22,47,0,1,0
CSU San Bernardino,24,24,0,0,0,0,0,0,0,0,0,0,0,0,0,24,0
CSU San Jose,168,168,0,0,0,0,0,0,0,0,0,0,0,91,0,77,0
CSU Sonoma,1,1,0,0,0,0,0,0,0,0,0,0,0,0,0,1,0
CSU San Marcos,31,31,0,0,0,0,0,0,0,0,0,0,0,0,0,31,0
CSU Stanislaus,0,0,0,0,0,0,0,0,0,0,0,0,0,0,0,0,0
CSU East Bay,335,334,0,0,0,0,0,0,0,0,0,2,42,91,2,197,0
Folsom Lake College,135,135,0,0,0,0,0,0,0,0,0,0,43,64,0,28,0
CSU Sacramento,587,587,0,0,0,0,0,0,0,0,0,1,144,199,4,239,0
Diablo Valley College,521,521,0,0,0,0,0,0,0,0,0,93,113,139,71,104,0
"University of California, Santa Cruz",729,729,0,0,0,0,0,0,0,0,0,5,200,257,2,265,0
CSU Monterey Bay,1025,1025,0,0,0,0,0,0,0,0,0,5,189,272,12,547,0
